604fc0dfa0a0310003bdb6ef;1
604fc0dfa0a0310003bdb88b;1
604fc0dfa0a0310003bdb5df;1
604fc0dfa0a0310003bdb88d;1
604fc0dfa0a0310003bdb869;1
604fc0dfa0a0310003bdb85e;1
604fc0dfa0a0310003bdb638;1
604fc0dfa0a0310003bdb833;1
604fc0dfa0a0310003bdb83c;1
604fc0dfa0a0310003bdb97c;1
604fc0dfa0a0310003bdb83f;1
604fc0dfa0a0310003bdb67c;1
604fc0dfa0a0310003bdb67d;1
604fc0dfa0a0310003bdb680;1
604fc0dfa0a0310003bdb655;1
604fc0dfa0a0310003bdbcfb;1
604fc0dfa0a0310003bdb94a;1
604fc0dfa0a0310003bdba3a;1
604fc0dfa0a0310003bdb811;1
604fc0dfa0a0310003bdb6c6;1
604fc0dfa0a0310003bdb6c7;1
604fc0dfa0a0310003bdb698;1
604fc0dfa0a0310003bdb827;1
604fc0dfa0a0310003bdb8af;1
604fc0dfa0a0310003bdb723;1
604fc0dfa0a0310003bdb61e;1
604fc0dfa0a0310003bdb82a;1
604fc0dfa0a0310003bdb84e;1
604fc0dfa0a0310003bdb801;1
604fc0dfa0a0310003bdbae8;1
604fc0dfa0a0310003bdb774;1
604fc0dfa0a0310003bdb82f;1
604fc0dfa0a0310003bdb7a9;1
604fc0dfa0a0310003bdb747;1
604fc0dfa0a0310003bdb6f1;1
604fc0dfa0a0310003bdb988;1
604fc0dfa0a0310003bdb7d4;1
604fc0dfa0a0310003bdb7d2;1
604fc0dfa0a0310003bdb880;1
604fc0dfa0a0310003bdb99a;1
604fc0dfa0a0310003bdb5f1;1
604fc0dfa0a0310003bdb7b9;1
604fc0dfa0a0310003bdb8df;1
604fc0dfa0a0310003bdb8e2;1
604fc0dfa0a0310003bdb644;1
604fc0dfa0a0310003bdb90b;1
604fc0dfa0a0310003bdb9ad;1
604fc0dfa0a0310003bdb76f;1
604fc0dfa0a0310003bdb7ff;1
604fc0dfa0a0310003bdbd0c;1
604fc0dfa0a0310003bdbd0d;1
604fc0dfa0a0310003bdbd10;1
604fc0dfa0a0310003bdbd12;1
5be5b45ce087640014a528de;1
604fc0dfa0a0310003bdb76b;1
604fc0dfa0a0310003bdb8d0;1
5c7ff93c058b5f00152f565c;1
604fc0dfa0a0310003bdbd3d;1
604fc0dfa0a0310003bdb888;1
604fc0dfa0a0310003bdba08;1
604fc0dfa0a0310003bdb91a;1
604fc0dfa0a0310003bdbbfb;1
604fc0dfa0a0310003bdb6c8;1
604fc0dfa0a0310003bdb6cb;1
604fc0dfa0a0310003bdb6c9;1
604fc0dfa0a0310003bdb68c;1
604fc0dfa0a0310003bdb932;1
604fc0dfa0a0310003bdbbad;1
604fc0dfa0a0310003bdbc73;1
5be5b32ee087640014a528c8;1
5be1cd54d18d120014ce48b6;1
5be594bbe087640014a52278;1
5dbb24c37034f300152e906c;1
5dbb231b7034f300152e904d;1
5dbfe8a820c7a80015571fb8;1
5dbfdcac20c7a80015571d19;1
5dbb29607034f300152e90af;1
5dbb27577034f300152e9088;1
5dbb29f87034f300152e90bc;1
5be1ce94d18d120014ce48e9;1
5dbb23ee7034f300152e905f;1
5be59711e087640014a522c8;1
5dbb196d7034f300152e8f5f;1
5beac40440aeac0014bc6d65;1
5dbb28b37034f300152e90a9;1
5be1cf8dd18d120014ce4907;1
5dbb16367034f300152e8f1e;1
5dbfe76120c7a80015571f71;1
5dbb1d297034f300152e8fc3;1
5be599d5e087640014a52329;1
5dbb21177034f300152e9024;1
5dbb226d7034f300152e9041;1
5dbb267b7034f300152e907b;1
5be5b1f5e087640014a527ac;1
5dbfea2e20c7a80015571fea;1
5dbb1f8d7034f300152e900c;1
5dbb2ac47034f300152e90c7;1
5dbfe44e20c7a80015571ea5;1
5be5a606e087640014a5252b;1
5dbfe58c20c7a80015571f15;1
5dbfdd8620c7a80015571d37;1
5dbb1c277034f300152e8fb2;1
5dbb1b0b7034f300152e8f8d;1
5dbb1e067034f300152e8ff2;1
5be59b0ce087640014a5234d;1
5be5aa21e087640014a525ae;1
5dbb27de7034f300152e909d;1
604fc0dfa0a0310003bdbb56;1
5dbb206d7034f300152e9019;1
5dbaf9e5b35f8f0015e6eb68;1
604fc0dfa0a0310003bdbbb6;1
604fc0dfa0a0310003bdb847;1
604fc0dfa0a0310003bdb84b;1
604fc0dfa0a0310003bdbcdc;1
604fc0dfa0a0310003bdbbec;1
604fc0dfa0a0310003bdbad7;1
604fc0dfa0a0310003bdbb3e;1
604fc0dfa0a0310003bdb7c9;1
604fc0dfa0a0310003bdbb20;1
604fc0dfa0a0310003bdb7b1;1
604fc0dfa0a0310003bdb885;1
604fc0dfa0a0310003bdb922;1
604fc0dfa0a0310003bdb887;1
604fc0dfa0a0310003bdb856;1
604fc0dfa0a0310003bdba16;1
604fc0dfa0a0310003bdb875;1
604fc0dfa0a0310003bdb93f;1
604fc0dfa0a0310003bdb6fb;1
604fc0dfa0a0310003bdb93b;1
604fc0dfa0a0310003bdb7ae;1
604fc0dfa0a0310003bdb7b2;1
604fc0dfa0a0310003bdb8cd;1
604fc0dfa0a0310003bdba9d;1
604fc0dfa0a0310003bdb842;1
604fc0dfa0a0310003bdb844;1
604fc0dfa0a0310003bdb843;1
604fc0dfa0a0310003bdb5e8;1
604fc0dfa0a0310003bdb5ea;1
604fc0dfa0a0310003bdb778;1
604fc0dfa0a0310003bdb77a;1
604fc0dfa0a0310003bdb79b;1
604fc0dfa0a0310003bdb626;1
604fc0dfa0a0310003bdb79a;1
604fc0dfa0a0310003bdba14;1
604fc0dfa0a0310003bdb72f;1
604fc0dfa0a0310003bdb729;1
604fc0dfa0a0310003bdb72b;1
604fc0dfa0a0310003bdb72d;1
604fc0dfa0a0310003bdb730;1
604fc0dfa0a0310003bdb731;1
604fc0dfa0a0310003bdb72a;1
604fc0dfa0a0310003bdb749;1
604fc0dfa0a0310003bdb82c;1
604fc0dfa0a0310003bdbc18;1
604fc0dfa0a0310003bdb9e1;1
604fc0dfa0a0310003bdb8ff;1
604fc0dfa0a0310003bdbc94;1
604fc0dfa0a0310003bdb802;1
604fc0dfa0a0310003bdb808;1
604fc0dfa0a0310003bdb882;1
604fc0dfa0a0310003bdb7d7;1
604fc0dfa0a0310003bdb674;1
604fc0dfa0a0310003bdb8f4;1
604fc0dfa0a0310003bdb71e;1
604fc0dfa0a0310003bdb6f0;1
604fc0dfa0a0310003bdb6fd;1
604fc0dfa0a0310003bdb6ed;1
604fc0dfa0a0310003bdbc98;1
604fc0dfa0a0310003bdbc97;1
604fc0dfa0a0310003bdb931;1
604fc0dfa0a0310003bdb930;1
604fc0dfa0a0310003bdbc38;1
604fc0dfa0a0310003bdb870;1
604fc0dfa0a0310003bdbb2a;1
604fc0dfa0a0310003bdbb30;1
604fc0dfa0a0310003bdbcc9;1
604fc0dfa0a0310003bdbcca;1
604fc0dfa0a0310003bdbc08;1
604fc0dfa0a0310003bdbd42;1
604fc0dfa0a0310003bdb9e0;1
604fc0dfa0a0310003bdb7e4;1
604fc0dfa0a0310003bdb5f0;1
604fc0dfa0a0310003bdbc86;1
604fc0dfa0a0310003bdbc93;1
604fc0dfa0a0310003bdb5ee;1
604fc0dfa0a0310003bdbd26;1
604fc0dfa0a0310003bdb62f;1
604fc0dfa0a0310003bdb9dd;1
604fc0dfa0a0310003bdb5f5;1
5beac89640aeac0014bc6e7c;1
604fc0dfa0a0310003bdbd3c;1
604fc0dfa0a0310003bdb6a0;1
604fc0dfa0a0310003bdb91e;1
604fc0dfa0a0310003bdbc13;1
604fc0dfa0a0310003bdbc0c;1
604fc0dfa0a0310003bdb84d;1
604fc0dfa0a0310003bdba74;1
604fc0dfa0a0310003bdbafa;1
604fc0dfa0a0310003bdbb05;1
604fc0dfa0a0310003bdbd15;1
604fc0dfa0a0310003bdbc33;2
604fc0dfa0a0310003bdbb37;2
604fc0dfa0a0310003bdb678;2
604fc0dfa0a0310003bdb9f4;2
604fc0dfa0a0310003bdb9c7;2
604fc0dfa0a0310003bdba2a;2
604fc0dfa0a0310003bdbb85;2
604fc0dfa0a0310003bdb7ab;2
604fc0dfa0a0310003bdb9fe;2
604fc0dfa0a0310003bdba02;2
604fc0dfa0a0310003bdba05;2
604fc0dfa0a0310003bdba06;2
604fc0dfa0a0310003bdb7b0;2
604fc0dfa0a0310003bdb7aa;2
604fc0dfa0a0310003bdbb4f;2
604fc0dfa0a0310003bdbabf;2
604fc0dfa0a0310003bdbac3;2
604fc0dfa0a0310003bdb9b1;2
604fc0dfa0a0310003bdba8e;2
604fc0dfa0a0310003bdb5ed;2
604fc0dfa0a0310003bdb89a;2
604fc0dfa0a0310003bdba8d;2
604fc0dfa0a0310003bdbb18;2
604fc0dfa0a0310003bdbb1a;2
604fc0dfa0a0310003bdbbcc;2
604fc0dfa0a0310003bdba15;2
604fc0dfa0a0310003bdbac7;2
604fc0dfa0a0310003bdbc27;2
604fc0dfa0a0310003bdbc26;2
604fc0dfa0a0310003bdb620;2
604fc0dfa0a0310003bdb63b;2
604fc0dfa0a0310003bdbccc;2
604fc0dfa0a0310003bdb720;2
604fc0dfa0a0310003bdbb9f;2
604fc0dfa0a0310003bdbc6c;2
604fc0dfa0a0310003bdbc6f;2
604fc0dfa0a0310003bdb919;2
604fc0dfa0a0310003bdbc19;2
604fc0dfa0a0310003bdba49;2
604fc0dfa0a0310003bdb7ec;2
604fc0dfa0a0310003bdb824;2
604fc0dfa0a0310003bdbc7a;2
604fc0dfa0a0310003bdbc76;2
604fc0dfa0a0310003bdb679;2
604fc0dfa0a0310003bdba3d;2
604fc0dfa0a0310003bdb9f5;2
604fc0dfa0a0310003bdba3b;2
604fc0dfa0a0310003bdb710;2
604fc0dfa0a0310003bdb9d5;2
604fc0dfa0a0310003bdbc9f;2
604fc0dfa0a0310003bdbc95;2
604fc0dfa0a0310003bdbad3;2
604fc0dfa0a0310003bdb8ef;2
604fc0dfa0a0310003bdb9d8;2
604fc0dfa0a0310003bdb6b5;2
604fc0dfa0a0310003bdbbd0;2
604fc0dfa0a0310003bdbb29;2
604fc0dfa0a0310003bdb74e;2
604fc0dfa0a0310003bdbb6d;2
604fc0dfa0a0310003bdb68e;2
604fc0dfa0a0310003bdb934;2
604fc0dfa0a0310003bdb8b2;2
604fc0dfa0a0310003bdbbbc;2
604fc0dfa0a0310003bdb5fb;2
604fc0dfa0a0310003bdba42;2
604fc0dfa0a0310003bdb6b4;2
604fc0dfa0a0310003bdbae9;2
604fc0dfa0a0310003bdbaf0;2
604fc0dfa0a0310003bdb773;2
604fc0dfa0a0310003bdb965;2
604fc0dfa0a0310003bdb96f;2
604fc0dfa0a0310003bdbc87;2
604fc0dfa0a0310003bdb874;2
604fc0dfa0a0310003bdb7c7;2
604fc0dfa0a0310003bdbaf3;2
604fc0dfa0a0310003bdbba7;2
604fc0dfa0a0310003bdbc96;2
604fc0dfa0a0310003bdb9ca;2
604fc0dfa0a0310003bdb9c8;2
604fc0dfa0a0310003bdbcc3;2
604fc0dfa0a0310003bdb72c;2
604fc0dfa0a0310003bdb668;2
604fc0dfa0a0310003bdb681;2
604fc0dfa0a0310003bdb682;2
604fc0dfa0a0310003bdb8cb;2
604fc0dfa0a0310003bdb6f8;2
604fc0dfa0a0310003bdb964;2
604fc0dfa0a0310003bdba9e;2
604fc0dfa0a0310003bdb691;2
604fc0dfa0a0310003bdb7ef;2
604fc0dfa0a0310003bdbac0;2
604fc0dfa0a0310003bdbbcd;2
604fc0dfa0a0310003bdbc36;2
604fc0dfa0a0310003bdba2c;2
604fc0dfa0a0310003bdbb57;2
604fc0dfa0a0310003bdba9f;2
604fc0dfa0a0310003bdbab1;2
604fc0dfa0a0310003bdbbbf;2
604fc0dfa0a0310003bdb5f7;2
604fc0dfa0a0310003bdb5f4;2
604fc0dfa0a0310003bdb9bd;2
604fc0dfa0a0310003bdb902;2
604fc0dfa0a0310003bdb8f7;2
604fc0dfa0a0310003bdb911;2
604fc0dfa0a0310003bdb82d;2
604fc0dfa0a0310003bdb82e;2
604fc0dfa0a0310003bdb830;2
604fc0dfa0a0310003bdbaf4;2
604fc0dfa0a0310003bdbcaa;2
604fc0dfa0a0310003bdbcac;2
604fc0dfa0a0310003bdbc16;2
604fc0dfa0a0310003bdb61a;2
604fc0dfa0a0310003bdb61f;2
604fc0dfa0a0310003bdbc31;2
604fc0dfa0a0310003bdb6cc;2
604fc0dfa0a0310003bdb6d2;2
604fc0dfa0a0310003bdb87a;2
604fc0dfa0a0310003bdbbf7;2
604fc0dfa0a0310003bdbac1;2
604fc0dfa0a0310003bdb60d;2
604fc0dfa0a0310003bdb9ec;2
604fc0dfa0a0310003bdb9ea;2
604fc0dfa0a0310003bdb66d;2
604fc0dfa0a0310003bdb667;2
604fc0dfa0a0310003bdb66b;2
604fc0dfa0a0310003bdb66f;2
604fc0dfa0a0310003bdb670;2
604fc0dfa0a0310003bdb669;2
604fc0dfa0a0310003bdb9e9;2
604fc0dfa0a0310003bdbb82;2
604fc0dfa0a0310003bdbc6d;2
604fc0dfa0a0310003bdbb86;2
604fc0dfa0a0310003bdbb88;2
604fc0dfa0a0310003bdbc74;2
604fc0dfa0a0310003bdba3e;2
604fc0dfa0a0310003bdbc66;2
604fc0dfa0a0310003bdbc68;2
604fc0dfa0a0310003bdbc6a;2
604fc0dfa0a0310003bdb7be;2
604fc0dfa0a0310003bdb6d1;2
604fc0dfa0a0310003bdbca0;2
604fc0dfa0a0310003bdb873;2
604fc0dfa0a0310003bdbae1;2
604fc0dfa0a0310003bdbb8e;2
604fc0dfa0a0310003bdb653;2
604fc0dfa0a0310003bdb864;2
5beacada40aeac0014bc7042;2
604fc0dfa0a0310003bdb968;2
604fc0dfa0a0310003bdb895;2
604fc0dfa0a0310003bdb894;2
604fc0dfa0a0310003bdb893;2
604fc0dfa0a0310003bdb88f;2
604fc0dfa0a0310003bdb890;2
604fc0dfa0a0310003bdb990;2
604fc0dfa0a0310003bdbb23;2
604fc0dfa0a0310003bdb7df;2
604fc0dfa0a0310003bdbbf1;2
604fc0dfa0a0310003bdbc80;2
604fc0dfa0a0310003bdbc1e;2
604fc0dfa0a0310003bdb956;2
604fc0dfa0a0310003bdbcc2;2
604fc0dfa0a0310003bdb6ba;2
604fc0dfa0a0310003bdb6bd;2
604fc0dfa0a0310003bdb6b2;2
604fc0dfa0a0310003bdb6b1;2
604fc0dfa0a0310003bdbb59;2
604fc0dfa0a0310003bdb610;2
604fc0dfa0a0310003bdb611;2
604fc0dfa0a0310003bdb612;2
604fc0dfa0a0310003bdb614;2
604fc0dfa0a0310003bdb726;2
604fc0dfa0a0310003bdb63e;2
604fc0dfa0a0310003bdb9a5;2
604fc0dfa0a0310003bdb66a;2
604fc0dfa0a0310003bdbbee;2
604fc0dfa0a0310003bdbbe0;2
604fc0dfa0a0310003bdb9b6;2
604fc0dfa0a0310003bdbbc5;2
604fc0dfa0a0310003bdbbc8;2
604fc0dfa0a0310003bdbb4a;2
604fc0dfa0a0310003bdb996;2
604fc0dfa0a0310003bdb6b6;2
604fc0dfa0a0310003bdba29;2
604fc0dfa0a0310003bdb8f5;2
604fc0dfa0a0310003bdbc0d;2
604fc0dfa0a0310003bdbc14;2
604fc0dfa0a0310003bdbb4e;2
604fc0dfa0a0310003bdbb51;2
604fc0dfa0a0310003bdb852;2
604fc0dfa0a0310003bdb851;2
604fc0dfa0a0310003bdb6e9;2
604fc0dfa0a0310003bdbb27;2
604fc0dfa0a0310003bdbb2b;2
604fc0dfa0a0310003bdb7b7;2
604fc0dfa0a0310003bdbb2c;2
604fc0dfa0a0310003bdbb31;2
604fc0dfa0a0310003bdbd2e;2
604fc0dfa0a0310003bdbc67;2
604fc0dfa0a0310003bdbc78;2
604fc0dfa0a0310003bdbc7b;2
604fc0dfa0a0310003bdbc7c;3
604fc0dfa0a0310003bdbc7e;3
604fc0dfa0a0310003bdb6ac;3
604fc0dfa0a0310003bdb6b9;3
604fc0dfa0a0310003bdb877;3
604fc0dfa0a0310003bdb979;3
604fc0dfa0a0310003bdbc0e;3
604fc0dfa0a0310003bdbd16;3
604fc0dfa0a0310003bdbd14;3
604fc0dfa0a0310003bdbd17;3
604fc0dfa0a0310003bdba4b;3
604fc0dfa0a0310003bdba45;3
604fc0dfa0a0310003bdb695;3
604fc0dfa0a0310003bdb9b2;3
604fc0dfa0a0310003bdb8dc;3
604fc0dfa0a0310003bdb7f8;3
604fc0dfa0a0310003bdb7f6;3
604fc0dfa0a0310003bdb7fa;3
604fc0dfa0a0310003bdbc30;3
604fc0dfa0a0310003bdbc8a;3
604fc0dfa0a0310003bdb9b4;3
604fc0dfa0a0310003bdbad6;3
604fc0dfa0a0310003bdbbae;3
604fc0dfa0a0310003bdb7e3;3
604fc0dfa0a0310003bdb7de;3
604fc0dfa0a0310003bdb7e2;3
604fc0dfa0a0310003bdb991;3
604fc0dfa0a0310003bdb9a4;3
604fc0dfa0a0310003bdba1b;3
604fc0dfa0a0310003bdba21;3
604fc0dfa0a0310003bdbbef;3
604fc0dfa0a0310003bdb7e9;3
604fc0dfa0a0310003bdb795;3
604fc0dfa0a0310003bdbba5;3
604fc0dfa0a0310003bdbcb3;3
604fc0dfa0a0310003bdba8c;3
604fc0dfa0a0310003bdbb70;3
604fc0dfa0a0310003bdbb94;3
604fc0dfa0a0310003bdbb9a;3
604fc0dfa0a0310003bdbb9d;3
604fc0dfa0a0310003bdb804;3
604fc0dfa0a0310003bdb995;3
604fc0dfa0a0310003bdbb71;3
604fc0dfa0a0310003bdbb58;3
604fc0dfa0a0310003bdbba2;3
604fc0dfa0a0310003bdbcba;3
604fc0dfa0a0310003bdb647;3
604fc0dfa0a0310003bdbd36;3
604fc0dfa0a0310003bdbb1f;3
604fc0dfa0a0310003bdbbce;3
604fc0dfa0a0310003bdbc23;3
604fc0dfa0a0310003bdbbf3;3
604fc0dfa0a0310003bdb9d9;3
604fc0dfa0a0310003bdb9da;3
604fc0dfa0a0310003bdb9dc;3
604fc0dfa0a0310003bdb9e4;3
604fc0dfa0a0310003bdbc37;3
604fc0dfa0a0310003bdbb8f;3
604fc0dfa0a0310003bdb912;3
604fc0dfa0a0310003bdb914;3
604fc0dfa0a0310003bdb917;3
604fc0dfa0a0310003bdbc8b;3
604fc0dfa0a0310003bdb9c9;3
604fc0dfa0a0310003bdb633;3
604fc0dfa0a0310003bdb9f0;3
604fc0dfa0a0310003bdb9d7;3
604fc0dfa0a0310003bdb9f2;3
604fc0dfa0a0310003bdb9ff;3
604fc0dfa0a0310003bdb604;3
604fc0dfa0a0310003bdb601;3
604fc0dfa0a0310003bdb607;3
604fc0dfa0a0310003bdbaea;3
604fc0dfa0a0310003bdb97a;3
604fc0dfa0a0310003bdbc48;3
604fc0dfa0a0310003bdbafc;3
604fc0dfa0a0310003bdb926;3
604fc0dfa0a0310003bdb92b;3
604fc0dfa0a0310003bdba1c;3
604fc0dfa0a0310003bdba1d;3
604fc0dfa0a0310003bdba23;3
604fc0dfa0a0310003bdbba4;3
604fc0dfa0a0310003bdb7da;3
604fc0dfa0a0310003bdbb4b;3
604fc0dfa0a0310003bdbb4d;3
604fc0dfa0a0310003bdbce4;3
604fc0dfa0a0310003bdbba3;3
604fc0dfa0a0310003bdb88c;3
604fc0dfa0a0310003bdbbc4;3
604fc0dfa0a0310003bdb63f;3
604fc0dfa0a0310003bdbcbb;3
604fc0dfa0a0310003bdbcbe;3
604fc0dfa0a0310003bdb67e;3
604fc0dfa0a0310003bdb722;3
604fc0dfa0a0310003bdb7f1;3
604fc0dfa0a0310003bdb75c;3
604fc0dfa0a0310003bdbad9;3
604fc0dfa0a0310003bdb7d0;3
604fc0dfa0a0310003bdbb49;3
604fc0dfa0a0310003bdbbc2;3
604fc0dfa0a0310003bdbbb7;3
604fc0dfa0a0310003bdbbac;3
604fc0dfa0a0310003bdb6de;3
604fc0dfa0a0310003bdb7f9;3
604fc0dfa0a0310003bdb7fc;3
604fc0dfa0a0310003bdb738;3
604fc0dfa0a0310003bdb73b;3
604fc0dfa0a0310003bdb736;3
604fc0dfa0a0310003bdb73f;3
604fc0dfa0a0310003bdbabe;3
604fc0dfa0a0310003bdb742;3
604fc0dfa0a0310003bdb735;3
604fc0dfa0a0310003bdb740;3
604fc0dfa0a0310003bdbab3;3
604fc0dfa0a0310003bdb741;3
604fc0dfa0a0310003bdbabc;3
604fc0dfa0a0310003bdbb26;3
604fc0dfa0a0310003bdbab9;3
604fc0dfa0a0310003bdbabb;3
604fc0dfa0a0310003bdbb34;3
604fc0dfa0a0310003bdbafb;3
604fc0dfa0a0310003bdb79f;3
604fc0dfa0a0310003bdb6fe;3
604fc0dfa0a0310003bdb685;3
604fc0dfa0a0310003bdbad8;3
604fc0dfa0a0310003bdbc34;3
604fc0dfa0a0310003bdba77;3
604fc0dfa0a0310003bdbba6;3
604fc0dfa0a0310003bdbc0a;3
604fc0dfa0a0310003bdb6f9;3
604fc0dfa0a0310003bdb70a;3
604fc0dfa0a0310003bdb858;3
604fc0dfa0a0310003bdb85c;3
604fc0dfa0a0310003bdbc99;3
604fc0dfa0a0310003bdba0b;3
604fc0dfa0a0310003bdba0a;3
604fc0dfa0a0310003bdbb12;3
604fc0dfa0a0310003bdba0f;3
604fc0dfa0a0310003bdb921;3
604fc0dfa0a0310003bdbc20;3
604fc0dfa0a0310003bdbcd4;3
604fc0dfa0a0310003bdb707;3
604fc0dfa0a0310003bdbc1c;3
604fc0dfa0a0310003bdb7cb;3
604fc0dfa0a0310003bdb841;3
604fc0dfa0a0310003bdbaa0;3
604fc0dfa0a0310003bdbcf9;3
604fc0dfa0a0310003bdbcd5;3
604fc0dfa0a0310003bdb92f;3
604fc0dfa0a0310003bdb704;3
604fc0dfa0a0310003bdb705;3
604fc0dfa0a0310003bdb6ec;3
604fc0dfa0a0310003bdba79;3
604fc0dfa0a0310003bdbadb;3
604fc0dfa0a0310003bdbbe2;3
604fc0dfa0a0310003bdbbe6;3
604fc0dfa0a0310003bdbb90;3
604fc0dfa0a0310003bdbb96;3
604fc0dfa0a0310003bdb9b7;3
604fc0dfa0a0310003bdb985;3
604fc0dfa0a0310003bdbcfa;3
604fc0dfa0a0310003bdbce1;3
604fc0dfa0a0310003bdbbb1;3
604fc0dfa0a0310003bdbba8;3
604fc0dfa0a0310003bdbc2e;3
604fc0dfa0a0310003bdbce6;3
604fc0dfa0a0310003bdb8d6;3
604fc0dfa0a0310003bdb606;3
604fc0dfa0a0310003bdba5d;3
604fc0dfa0a0310003bdba62;3
604fc0dfa0a0310003bdba69;3
604fc0dfa0a0310003bdbbb0;3
604fc0dfa0a0310003bdbc45;3
604fc0dfa0a0310003bdba90;3
604fc0dfa0a0310003bdb7ce;3
604fc0dfa0a0310003bdb84f;3
604fc0dfa0a0310003bdba3f;3
604fc0dfa0a0310003bdbbd1;3
604fc0dfa0a0310003bdbbda;3
604fc0dfa0a0310003bdbac5;3
604fc0dfa0a0310003bdbc58;3
604fc0dfa0a0310003bdb9ab;3
604fc0dfa0a0310003bdb9b9;3
604fc0dfa0a0310003bdbcc7;3
604fc0dfa0a0310003bdbc59;3
604fc0dfa0a0310003bdb7a6;3
604fc0dfa0a0310003bdbb41;3
604fc0dfa0a0310003bdbc47;3
604fc0dfa0a0310003bdbbf9;3
604fc0dfa0a0310003bdbb92;3
604fc0dfa0a0310003bdbccf;3
604fc0dfa0a0310003bdbcc8;3
604fc0dfa0a0310003bdbab5;3
604fc0dfa0a0310003bdb99b;3
604fc0dfa0a0310003bdb7d3;3
604fc0dfa0a0310003bdb7d1;3
604fc0dfa0a0310003bdbada;3
604fc0dfa0a0310003bdb831;3
604fc0dfa0a0310003bdb6df;3
604fc0dfa0a0310003bdba6b;3
604fc0dfa0a0310003bdb94b;3
604fc0dfa0a0310003bdb959;4
604fc0dfa0a0310003bdb95a;4
604fc0dfa0a0310003bdb750;4
604fc0dfa0a0310003bdbc46;4
604fc0dfa0a0310003bdb602;4
604fc0dfa0a0310003bdba35;4
604fc0dfa0a0310003bdb5dc;4
604fc0dfa0a0310003bdb6c3;4
604fc0dfa0a0310003bdb6c5;4
604fc0dfa0a0310003bdbcd0;4
604fc0dfa0a0310003bdbbcf;4
604fc0dfa0a0310003bdbbb2;4
604fc0dfa0a0310003bdbb43;4
604fc0dfa0a0310003bdbb47;4
604fc0dfa0a0310003bdbb48;4
604fc0dfa0a0310003bdb683;4
604fc0dfa0a0310003bdbae2;4
604fc0dfa0a0310003bdb8ce;4
604fc0dfa0a0310003bdb734;4
604fc0dfa0a0310003bdb732;4
604fc0dfa0a0310003bdb73d;4
604fc0dfa0a0310003bdb737;4
604fc0dfa0a0310003bdba1e;4
604fc0dfa0a0310003bdb5fd;4
604fc0dfa0a0310003bdbc9a;4
604fc0dfa0a0310003bdbca3;4
604fc0dfa0a0310003bdb776;4
604fc0dfa0a0310003bdbbc6;4
604fc0dfa0a0310003bdb6ee;4
604fc0dfa0a0310003bdb7bb;4
604fc0dfa0a0310003bdbb42;4
604fc0dfa0a0310003bdb85f;4
604fc0dfa0a0310003bdbac6;4
604fc0dfa0a0310003bdb898;4
604fc0dfa0a0310003bdb8d9;4
604fc0dfa0a0310003bdb80c;4
604fc0dfa0a0310003bdb6aa;4
604fc0dfa0a0310003bdb613;4
604fc0dfa0a0310003bdb89d;4
604fc0dfa0a0310003bdb834;4
604fc0dfa0a0310003bdbd1c;4
604fc0dfa0a0310003bdbc1b;4
604fc0dfa0a0310003bdb79d;4
604fc0dfa0a0310003bdb7a5;4
604fc0dfa0a0310003bdb628;4
604fc0dfa0a0310003bdb8ec;4
604fc0dfa0a0310003bdb693;4
604fc0dfa0a0310003bdbaec;4
604fc0dfa0a0310003bdb6e3;4
604fc0dfa0a0310003bdbb5d;4
604fc0dfa0a0310003bdb634;4
604fc0dfa0a0310003bdbb33;4
604fc0dfa0a0310003bdb5e2;4
604fc0dfa0a0310003bdb857;4
604fc0dfa0a0310003bdb8e7;4
604fc0dfa0a0310003bdb6cf;4
604fc0dfa0a0310003bdb772;4
604fc0dfa0a0310003bdb789;4
604fc0dfa0a0310003bdb769;4
604fc0dfa0a0310003bdbd04;4
604fc0dfa0a0310003bdb5f6;4
604fc0dfa0a0310003bdb983;4
604fc0dfa0a0310003bdb6fc;4
604fc0dfa0a0310003bdb703;4
604fc0dfa0a0310003bdbbd3;4
604fc0dfa0a0310003bdba0c;4
604fc0dfa0a0310003bdb7fd;4
604fc0dfa0a0310003bdb845;4
604fc0dfa0a0310003bdb794;4
604fc0dfa0a0310003bdb793;4
604fc0dfa0a0310003bdb6ab;4
604fc0dfa0a0310003bdb650;4
604fc0dfa0a0310003bdb637;4
604fc0dfa0a0310003bdbc8e;4
604fc0dfa0a0310003bdb878;4
604fc0dfa0a0310003bdb73e;4
604fc0dfa0a0310003bdb73a;4
604fc0dfa0a0310003bdb73c;4
604fc0dfa0a0310003bdb660;4
604fc0dfa0a0310003bdbc5a;4
604fc0dfa0a0310003bdbc11;4
604fc0dfa0a0310003bdb969;4
604fc0dfa0a0310003bdb96a;4
604fc0dfa0a0310003bdb96c;4
604fc0dfa0a0310003bdb96e;4
604fc0dfa0a0310003bdb99c;4
604fc0dfa0a0310003bdb61c;4
604fc0dfa0a0310003bdb81b;4
604fc0dfa0a0310003bdb690;4
604fc0dfa0a0310003bdb725;4
604fc0dfa0a0310003bdb71d;4
604fc0dfa0a0310003bdbc4b;4
604fc0dfa0a0310003bdb8c0;4
604fc0dfa0a0310003bdbc4e;4
604fc0dfa0a0310003bdbd0e;4
604fc0dfa0a0310003bdb7c3;4
604fc0dfa0a0310003bdbb14;4
604fc0dfa0a0310003bdb915;4
604fc0dfa0a0310003bdbc12;4
604fc0dfa0a0310003bdb99d;4
604fc0dfa0a0310003bdbb6a;4
604fc0dfa0a0310003bdbb68;4
604fc0dfa0a0310003bdb68d;4
604fc0dfa0a0310003bdbb28;4
604fc0dfa0a0310003bdb9bc;4
604fc0dfa0a0310003bdb9bb;4
604fc0dfa0a0310003bdb9c3;4
604fc0dfa0a0310003bdbbd6;4
604fc0dfa0a0310003bdbb8a;4
604fc0dfa0a0310003bdbb50;4
604fc0dfa0a0310003bdb751;4
604fc0dfa0a0310003bdb5e6;4
604fc0dfa0a0310003bdb7b6;4
604fc0dfa0a0310003bdbc3a;4
604fc0dfa0a0310003bdbd2a;4
604fc0dfa0a0310003bdb913;4
604fc0dfa0a0310003bdb762;4
604fc0dfa0a0310003bdbafe;4
604fc0dfa0a0310003bdb5ff;4
604fc0dfa0a0310003bdb8a6;4
604fc0dfa0a0310003bdb8a9;4
604fc0dfa0a0310003bdbbc7;4
604fc0dfa0a0310003bdb764;4
604fc0dfa0a0310003bdbbfd;4
604fc0dfa0a0310003bdb81a;4
604fc0dfa0a0310003bdbbfe;4
604fc0dfa0a0310003bdb9be;4
604fc0dfa0a0310003bdb7fb;4
604fc0dfa0a0310003bdba2d;4
604fc0dfa0a0310003bdb8e0;4
604fc0dfa0a0310003bdb9bf;4
604fc0dfa0a0310003bdbb84;4
604fc0dfa0a0310003bdbbd7;4
604fc0dfa0a0310003bdb621;4
604fc0dfa0a0310003bdbac8;4
604fc0dfa0a0310003bdb6d0;4
604fc0dfa0a0310003bdb6d3;4
604fc0dfa0a0310003bdba03;4
604fc0dfa0a0310003bdb7bc;4
604fc0dfa0a0310003bdb636;4
604fc0dfa0a0310003bdba04;4
604fc0dfa0a0310003bdbbfc;4
604fc0dfa0a0310003bdb8fd;4
604fc0dfa0a0310003bdb9e5;4
604fc0dfa0a0310003bdb65a;4
604fc0dfa0a0310003bdb989;4
604fc0dfa0a0310003bdb8cf;4
604fc0dfa0a0310003bdb899;4
604fc0dfa0a0310003bdb826;4
604fc0dfa0a0310003bdb89c;4
604fc0dfa0a0310003bdb72e;4
604fc0dfa0a0310003bdbbaf;4
604fc0dfa0a0310003bdb798;4
604fc0dfa0a0310003bdb993;4
604fc0dfa0a0310003bdb80f;4
604fc0dfa0a0310003bdbc42;4
604fc0dfa0a0310003bdbc50;4
604fc0dfa0a0310003bdbb60;4
604fc0dfa0a0310003bdb93e;4
604fc0dfa0a0310003bdb876;4
604fc0dfa0a0310003bdb631;4
604fc0dfa0a0310003bdb60b;4
604fc0dfa0a0310003bdb7a0;4
604fc0dfa0a0310003bdb7e1;4
604fc0dfa0a0310003bdbc8c;4
604fc0dfa0a0310003bdbc07;4
604fc0dfa0a0310003bdb645;4
604fc0dfa0a0310003bdbb00;4
604fc0dfa0a0310003bdb87d;4
604fc0dfa0a0310003bdb940;4
604fc0dfa0a0310003bdbbcb;4
604fc0dfa0a0310003bdb90a;4
604fc0dfa0a0310003bdba7b;4
604fc0dfa0a0310003bdba72;4
604fc0dfa0a0310003bdb6fa;4
604fc0dfa0a0310003bdb70c;4
604fc0dfa0a0310003bdb9e2;4
604fc0dfa0a0310003bdb952;4
5beacb9a40aeac0014bc7055;4
604fc0dfa0a0310003bdb8d1;4
604fc0dfa0a0310003bdb6d9;4
604fc0dfa0a0310003bdb65d;4
604fc0dfa0a0310003bdb886;4
604fc0dfa0a0310003bdb721;4
604fc0dfa0a0310003bdb821;4
604fc0dfa0a0310003bdb64e;4
604fc0dfa0a0310003bdb908;4
604fc0dfa0a0310003bdb839;4
604fc0dfa0a0310003bdb836;4
604fc0dfa0a0310003bdb835;4
604fc0dfa0a0310003bdb83d;4
604fc0dfa0a0310003bdb756;4
604fc0dfa0a0310003bdb754;4
604fc0dfa0a0310003bdb9d1;4
5dbfdfcd20c7a80015571da9;4
5dbb25a07034f300152e906f;4
5dbb0f627034f300152e8e36;4
5dbb10ba7034f300152e8e63;4
5dbb0b9d7034f300152e8d86;4
5dbafd97b35f8f0015e6ebce;4
5dbb0df87034f300152e8e17;5
5dbb12177034f300152e8ea7;5
5dbfe32620c7a80015571e60;5
5dbb09107034f300152e8c0b;5
5dbfe0d320c7a80015571de1;5
5dbb13287034f300152e8ec4;5
604fc0dfa0a0310003bdbad2;5
604fc0dfa0a0310003bdbc6e;5
604fc0dfa0a0310003bdb60c;5
604fc0dfa0a0310003bdbb95;5
604fc0dfa0a0310003bdb5fe;5
604fc0dfa0a0310003bdb743;5
604fc0dfa0a0310003bdb9a8;5
604fc0dfa0a0310003bdbc3d;5
604fc0dfa0a0310003bdba46;5
604fc0dfa0a0310003bdb724;5
604fc0dfa0a0310003bdbc00;5
604fc0dfa0a0310003bdb9a3;5
604fc0dfa0a0310003bdb90d;5
604fc0dfa0a0310003bdb780;5
604fc0dfa0a0310003bdb651;5
604fc0dfa0a0310003bdba7f;5
604fc0dfa0a0310003bdba80;5
604fc0dfa0a0310003bdb7a4;5
604fc0dfa0a0310003bdbcaf;5
604fc0dfa0a0310003bdb770;5
604fc0dfa0a0310003bdb632;5
604fc0dfa0a0310003bdba27;5
604fc0dfa0a0310003bdb93c;5
604fc0dfa0a0310003bdbc5c;5
604fc0dfa0a0310003bdb8b1;5
604fc0dfa0a0310003bdbc9e;5
604fc0dfa0a0310003bdbd40;5
604fc0dfa0a0310003bdb855;5
604fc0dfa0a0310003bdb708;5
604fc0dfa0a0310003bdb6f5;5
604fc0dfa0a0310003bdbc2b;5
604fc0dfa0a0310003bdba4c;5
604fc0dfa0a0310003bdb66e;5
604fc0dfa0a0310003bdb671;5
604fc0dfa0a0310003bdb672;5
604fc0dfa0a0310003bdb673;5
604fc0dfa0a0310003bdb66c;5
604fc0dfa0a0310003bdb98a;5
604fc0dfa0a0310003bdb7b5;5
604fc0dfa0a0310003bdbaed;5
604fc0dfa0a0310003bdb605;5
604fc0dfa0a0310003bdb699;5
604fc0dfa0a0310003bdb60e;5
604fc0dfa0a0310003bdba31;5
604fc0dfa0a0310003bdbbd8;5
604fc0dfa0a0310003bdbcec;5
604fc0dfa0a0310003bdbcf2;5
604fc0dfa0a0310003bdb9a9;5
604fc0dfa0a0310003bdb69f;5
604fc0dfa0a0310003bdb77e;5
604fc0dfa0a0310003bdb715;5
604fc0dfa0a0310003bdbc49;5
604fc0dfa0a0310003bdb6f7;5
604fc0dfa0a0310003bdbc70;5
604fc0dfa0a0310003bdb5eb;5
604fc0dfa0a0310003bdbadd;5
604fc0dfa0a0310003bdb760;5
604fc0dfa0a0310003bdb903;5
604fc0dfa0a0310003bdb7fe;5
604fc0dfa0a0310003bdb9b3;5
604fc0dfa0a0310003bdb5e1;5
604fc0dfa0a0310003bdb759;5
604fc0dfa0a0310003bdb615;5
604fc0dfa0a0310003bdbb01;5
604fc0dfa0a0310003bdb999;5
604fc0dfa0a0310003bdb967;5
604fc0dfa0a0310003bdbd19;5
604fc0dfa0a0310003bdbd18;5
604fc0dfa0a0310003bdb7f0;5
604fc0dfa0a0310003bdb6d8;5
604fc0dfa0a0310003bdbaca;5
604fc0dfa0a0310003bdbb10;5
604fc0dfa0a0310003bdbcce;5
604fc0dfa0a0310003bdbaf8;5
604fc0dfa0a0310003bdbc1a;5
604fc0dfa0a0310003bdb846;5
5beaca0e40aeac0014bc7010;5
604fc0dfa0a0310003bdbab0;5
604fc0dfa0a0310003bdb767;5
604fc0dfa0a0310003bdbc24;5
604fc0dfa0a0310003bdba1f;5
604fc0dfa0a0310003bdb7d6;5
604fc0dfa0a0310003bdba6e;5
604fc0dfa0a0310003bdba71;5
604fc0dfa0a0310003bdb61d;5
604fc0dfa0a0310003bdb7c1;5
604fc0dfa0a0310003bdb7c6;5
604fc0dfa0a0310003bdb943;5
604fc0dfa0a0310003bdbb1c;5
604fc0dfa0a0310003bdb829;5
604fc0dfa0a0310003bdbb21;5
604fc0dfa0a0310003bdb74a;5
604fc0dfa0a0310003bdbcd3;5
604fc0dfa0a0310003bdb8b7;5
604fc0dfa0a0310003bdb748;5
604fc0dfa0a0310003bdb65f;5
604fc0dfa0a0310003bdbc5d;5
604fc0dfa0a0310003bdb7b8;5
604fc0dfa0a0310003bdbab7;5
604fc0dfa0a0310003bdbcbf;5
604fc0dfa0a0310003bdb8be;5
604fc0dfa0a0310003bdb901;5
604fc0dfa0a0310003bdba47;5
604fc0dfa0a0310003bdb6d7;5
604fc0dfa0a0310003bdbb03;5
604fc0dfa0a0310003bdb896;5
604fc0dfa0a0310003bdb75b;5
604fc0dfa0a0310003bdbc01;5
604fc0dfa0a0310003bdb6ca;5
5beac11f40aeac0014bc6c97;5
604fc0dfa0a0310003bdb784;5
604fc0dfa0a0310003bdbd25;5
604fc0dfa0a0310003bdbccd;5
604fc0dfa0a0310003bdb810;5
604fc0dfa0a0310003bdb8f0;5
604fc0dfa0a0310003bdb82b;5
604fc0dfa0a0310003bdba5a;5
604fc0dfa0a0310003bdba5c;5
604fc0dfa0a0310003bdbb52;5
604fc0dfa0a0310003bdbcad;5
604fc0dfa0a0310003bdb998;5
604fc0dfa0a0310003bdbab2;5
604fc0dfa0a0310003bdbae0;5
604fc0dfa0a0310003bdbae3;5
604fc0dfa0a0310003bdbae6;5
604fc0dfa0a0310003bdb6a1;5
604fc0dfa0a0310003bdba33;5
604fc0dfa0a0310003bdb83a;5
604fc0dfa0a0310003bdb8fb;5
604fc0dfa0a0310003bdb944;5
604fc0dfa0a0310003bdb603;5
604fc0dfa0a0310003bdb809;5
604fc0dfa0a0310003bdb609;5
604fc0dfa0a0310003bdb823;5
604fc0dfa0a0310003bdb825;5
604fc0dfa0a0310003bdb6f2;5
604fc0dfa0a0310003bdbbc9;5
604fc0dfa0a0310003bdb757;5
604fc0dfa0a0310003bdb797;5
604fc0dfa0a0310003bdb928;5
604fc0dfa0a0310003bdb8a8;5
604fc0dfa0a0310003bdb96b;5
604fc0dfa0a0310003bdb7c2;5
604fc0dfa0a0310003bdb970;5
604fc0dfa0a0310003bdbc39;5
604fc0dfa0a0310003bdb75d;5
604fc0dfa0a0310003bdbbf2;5
604fc0dfa0a0310003bdb861;5
604fc0dfa0a0310003bdb8b6;5
604fc0dfa0a0310003bdb9cb;5
604fc0dfa0a0310003bdba4d;5
604fc0dfa0a0310003bdb971;5
604fc0dfa0a0310003bdb80e;5
604fc0dfa0a0310003bdb95b;5
604fc0dfa0a0310003bdb8c5;5
604fc0dfa0a0310003bdbc4a;5
604fc0dfa0a0310003bdbaa9;5
604fc0dfa0a0310003bdb859;5
604fc0dfa0a0310003bdb865;5
604fc0dfa0a0310003bdbc09;5
604fc0dfa0a0310003bdb744;5
604fc0dfa0a0310003bdb8ee;5
604fc0dfa0a0310003bdbd3f;5
604fc0dfa0a0310003bdb8ba;5
604fc0dfa0a0310003bdb7ac;5
604fc0dfa0a0310003bdb6b3;5
604fc0dfa0a0310003bdba09;5
604fc0dfa0a0310003bdba0d;5
604fc0dfa0a0310003bdba0e;5
604fc0dfa0a0310003bdbaff;5
604fc0dfa0a0310003bdbb5f;5
604fc0dfa0a0310003bdbd03;5
604fc0dfa0a0310003bdba58;5
604fc0dfa0a0310003bdb6e0;5
604fc0dfa0a0310003bdb7cc;5
604fc0dfa0a0310003bdb5e7;5
604fc0dfa0a0310003bdb9f8;5
604fc0dfa0a0310003bdba87;5
604fc0dfa0a0310003bdbd30;5
604fc0dfa0a0310003bdb947;5
604fc0dfa0a0310003bdbbdd;5
604fc0dfa0a0310003bdba34;5
604fc0dfa0a0310003bdb75f;5
604fc0dfa0a0310003bdb77d;5
604fc0dfa0a0310003bdb781;5
604fc0dfa0a0310003bdb7af;5
604fc0dfa0a0310003bdb6dc;5
604fc0dfa0a0310003bdb9af;5
604fc0dfa0a0310003bdba41;5
604fc0dfa0a0310003bdb7ed;5
604fc0dfa0a0310003bdb884;5
604fc0dfa0a0310003bdb692;5
5c7ff79f058b5f00152f561f;5
604fc0dfa0a0310003bdb9b5;5
604fc0dfa0a0310003bdb8cc;6
604fc0dfa0a0310003bdb745;6
604fc0dfa0a0310003bdb635;6
604fc0dfa0a0310003bdba4f;6
604fc0dfa0a0310003bdbb3c;6
604fc0dfa0a0310003bdb822;6
604fc0dfa0a0310003bdba76;6
604fc0dfa0a0310003bdba99;6
604fc0dfa0a0310003bdbb81;6
604fc0dfa0a0310003bdb6e8;6
604fc0dfa0a0310003bdb945;6
604fc0dfa0a0310003bdb953;6
604fc0dfa0a0310003bdb648;6
604fc0dfa0a0310003bdbb66;6
604fc0dfa0a0310003bdb98c;6
604fc0dfa0a0310003bdbcb5;6
604fc0dfa0a0310003bdb68f;6
604fc0dfa0a0310003bdbbed;6
604fc0dfa0a0310003bdbc5f;6
604fc0dfa0a0310003bdbc63;6
604fc0dfa0a0310003bdb9b0;6
604fc0dfa0a0310003bdbb5e;6
604fc0dfa0a0310003bdbb65;6
604fc0dfa0a0310003bdb76e;6
604fc0dfa0a0310003bdb891;6
604fc0dfa0a0310003bdb984;6
604fc0dfa0a0310003bdb74c;6
604fc0dfa0a0310003bdbbf6;6
604fc0dfa0a0310003bdbcd6;6
604fc0dfa0a0310003bdb74b;6
604fc0dfa0a0310003bdbc83;6
604fc0dfa0a0310003bdbbf4;6
604fc0dfa0a0310003bdbb6e;6
604fc0dfa0a0310003bdb6ad;6
604fc0dfa0a0310003bdb6c2;6
604fc0dfa0a0310003bdb6bf;6
604fc0dfa0a0310003bdb986;6
5beac2c940aeac0014bc6d1f;6
604fc0dfa0a0310003bdba26;6
604fc0dfa0a0310003bdbc25;6
604fc0dfa0a0310003bdb6eb;6
604fc0dfa0a0310003bdba70;6
604fc0dfa0a0310003bdba6d;6
604fc0dfa0a0310003bdba82;6
604fc0dfa0a0310003bdba48;6
604fc0dfa0a0310003bdb87c;6
604fc0dfa0a0310003bdbc79;6
604fc0dfa0a0310003bdb7f5;6
604fc0dfa0a0310003bdb5db;6
604fc0dfa0a0310003bdb6d6;6
604fc0dfa0a0310003bdba54;6
604fc0dfa0a0310003bdb7dc;6
604fc0dfa0a0310003bdb958;6
604fc0dfa0a0310003bdb987;6
604fc0dfa0a0310003bdb755;6
604fc0dfa0a0310003bdb75a;6
604fc0dfa0a0310003bdb817;6
604fc0dfa0a0310003bdbce9;6
604fc0dfa0a0310003bdb81c;6
604fc0dfa0a0310003bdbb87;6
604fc0dfa0a0310003bdbce8;6
604fc0dfa0a0310003bdb78d;6
604fc0dfa0a0310003bdbb06;6
604fc0dfa0a0310003bdbd27;6
604fc0dfa0a0310003bdb8f2;6
604fc0dfa0a0310003bdb98e;6
604fc0dfa0a0310003bdb675;6
604fc0dfa0a0310003bdb850;6
604fc0dfa0a0310003bdb972;6
604fc0dfa0a0310003bdb838;6
604fc0dfa0a0310003bdb639;6
604fc0dfa0a0310003bdb7bf;6
604fc0dfa0a0310003bdbb89;6
604fc0dfa0a0310003bdb806;6
604fc0dfa0a0310003bdbb53;6
604fc0dfa0a0310003bdb98f;6
604fc0dfa0a0310003bdbb72;6
604fc0dfa0a0310003bdbaaa;6
604fc0dfa0a0310003bdb97e;6
604fc0dfa0a0310003bdb5f3;6
604fc0dfa0a0310003bdb9d2;6
604fc0dfa0a0310003bdb64f;6
604fc0dfa0a0310003bdb9d0;6
604fc0dfa0a0310003bdb9eb;6
604fc0dfa0a0310003bdbb40;6
604fc0dfa0a0310003bdb7a1;6
604fc0dfa0a0310003bdb966;6
604fc0dfa0a0310003bdbc17;6
604fc0dfa0a0310003bdb957;6
604fc0dfa0a0310003bdb7cf;6
604fc0dfa0a0310003bdbaa5;6
604fc0dfa0a0310003bdbaab;6
604fc0dfa0a0310003bdbcd7;6
604fc0dfa0a0310003bdb916;6
604fc0dfa0a0310003bdb883;6
604fc0dfa0a0310003bdbb78;6
604fc0dfa0a0310003bdbb7d;6
604fc0dfa0a0310003bdb5f2;6
604fc0dfa0a0310003bdbaa7;6
604fc0dfa0a0310003bdb727;6
604fc0dfa0a0310003bdba9c;6
604fc0dfa0a0310003bdbaa6;6
604fc0dfa0a0310003bdbb54;6
604fc0dfa0a0310003bdb712;6
604fc0dfa0a0310003bdb6b8;6
604fc0dfa0a0310003bdb904;6
604fc0dfa0a0310003bdbcfe;6
604fc0dfa0a0310003bdb9b8;6
604fc0dfa0a0310003bdba4e;6
604fc0dfa0a0310003bdbb04;6
604fc0dfa0a0310003bdbbb8;6
604fc0dfa0a0310003bdb792;6
604fc0dfa0a0310003bdb7ca;6
5be1cb1ad18d120014ce46fa;6
604fc0dfa0a0310003bdbc3f;6
604fc0dfa0a0310003bdb9ba;6
604fc0dfa0a0310003bdb8ae;6
604fc0dfa0a0310003bdbc88;6
604fc0dfa0a0310003bdbb7b;6
604fc0dfa0a0310003bdb89b;6
604fc0dfa0a0310003bdbb0a;6
604fc0dfa0a0310003bdb8b4;6
604fc0dfa0a0310003bdb9f7;6
604fc0dfa0a0310003bdb716;6
604fc0dfa0a0310003bdbb91;6
604fc0dfa0a0310003bdb78f;6
604fc0dfa0a0310003bdb78c;6
604fc0dfa0a0310003bdb785;6
604fc0dfa0a0310003bdb791;6
604fc0dfa0a0310003bdbcef;6
604fc0dfa0a0310003bdbcdd;6
604fc0dfa0a0310003bdbc4c;6
604fc0dfa0a0310003bdb9d6;6
604fc0dfa0a0310003bdba6c;6
604fc0dfa0a0310003bdb8e9;6
604fc0dfa0a0310003bdb6ff;6
604fc0dfa0a0310003bdb6f4;6
604fc0dfa0a0310003bdb69d;6
604fc0dfa0a0310003bdbb8b;6
604fc0dfa0a0310003bdbcb4;6
604fc0dfa0a0310003bdb929;6
604fc0dfa0a0310003bdb9cc;6
604fc0dfa0a0310003bdb936;6
604fc0dfa0a0310003bdb9cf;6
604fc0dfa0a0310003bdb9ce;6
604fc0dfa0a0310003bdb64b;6
604fc0dfa0a0310003bdb6a3;6
604fc0dfa0a0310003bdb60f;6
604fc0dfa0a0310003bdb768;6
604fc0dfa0a0310003bdb813;6
604fc0dfa0a0310003bdbb75;6
604fc0dfa0a0310003bdb60a;6
604fc0dfa0a0310003bdba95;6
604fc0dfa0a0310003bdbb63;6
604fc0dfa0a0310003bdb65e;6
604fc0dfa0a0310003bdb662;6
604fc0dfa0a0310003bdb665;6
604fc0dfa0a0310003bdbc2a;6
604fc0dfa0a0310003bdbc02;6
604fc0dfa0a0310003bdb625;6
604fc0dfa0a0310003bdb924;6
604fc0dfa0a0310003bdbcb7;6
604fc0dfa0a0310003bdbab8;6
604fc0dfa0a0310003bdbc28;6
604fc0dfa0a0310003bdb6dd;6
604fc0dfa0a0310003bdba01;6
604fc0dfa0a0310003bdb788;6
604fc0dfa0a0310003bdbbdf;6
604fc0dfa0a0310003bdbab4;6
604fc0dfa0a0310003bdb8b3;6
604fc0dfa0a0310003bdb63c;6
604fc0dfa0a0310003bdbade;6
604fc0dfa0a0310003bdb837;6
604fc0dfa0a0310003bdb6db;6
604fc0dfa0a0310003bdbafd;6
604fc0dfa0a0310003bdbc3c;6
604fc0dfa0a0310003bdbbe7;6
604fc0dfa0a0310003bdb9a0;6
604fc0dfa0a0310003bdb98b;6
604fc0dfa0a0310003bdba07;6
604fc0dfa0a0310003bdba00;6
604fc0dfa0a0310003bdba36;6
604fc0dfa0a0310003bdba13;6
604fc0dfa0a0310003bdb694;6
604fc0dfa0a0310003bdb8ad;6
604fc0dfa0a0310003bdb99f;6
604fc0dfa0a0310003bdb9a2;6
604fc0dfa0a0310003bdb654;6
604fc0dfa0a0310003bdb5f9;6
604fc0dfa0a0310003bdbc32;6
604fc0dfa0a0310003bdb9ed;6
604fc0dfa0a0310003bdb800;6
604fc0dfa0a0310003bdbb8c;6
604fc0dfa0a0310003bdb871;6
604fc0dfa0a0310003bdb978;6
604fc0dfa0a0310003bdbaeb;6
604fc0dfa0a0310003bdbcae;6
604fc0dfa0a0310003bdbb39;6
604fc0dfa0a0310003bdbb8d;6
604fc0dfa0a0310003bdb992;6
604fc0dfa0a0310003bdb8bb;7
604fc0dfa0a0310003bdb997;7
604fc0dfa0a0310003bdbcdf;7
604fc0dfa0a0310003bdbc5e;7
604fc0dfa0a0310003bdbaa8;7
604fc0dfa0a0310003bdbc9c;7
604fc0dfa0a0310003bdb90f;7
604fc0dfa0a0310003bdb973;7
604fc0dfa0a0310003bdbb0c;7
604fc0dfa0a0310003bdbc0b;7
604fc0dfa0a0310003bdb8c7;7
604fc0dfa0a0310003bdbcab;7
604fc0dfa0a0310003bdbbc3;7
604fc0dfa0a0310003bdb927;7
604fc0dfa0a0310003bdb92c;7
604fc0dfa0a0310003bdb92d;7
604fc0dfa0a0310003bdbb74;7
604fc0dfa0a0310003bdb7d5;7
604fc0dfa0a0310003bdbc51;7
604fc0dfa0a0310003bdba51;7
604fc0dfa0a0310003bdb6be;7
604fc0dfa0a0310003bdb6c0;7
604fc0dfa0a0310003bdbc77;7
604fc0dfa0a0310003bdb7f7;7
604fc0dfa0a0310003bdbbfa;7
604fc0dfa0a0310003bdbb79;7
604fc0dfa0a0310003bdbaa3;7
604fc0dfa0a0310003bdb659;7
604fc0dfa0a0310003bdb656;7
604fc0dfa0a0310003bdb81e;7
604fc0dfa0a0310003bdbb6f;7
604fc0dfa0a0310003bdbacd;7
604fc0dfa0a0310003bdb7c8;7
604fc0dfa0a0310003bdba24;7
604fc0dfa0a0310003bdba17;7
604fc0dfa0a0310003bdbc69;7
604fc0dfa0a0310003bdbc52;7
604fc0dfa0a0310003bdbace;7
604fc0dfa0a0310003bdb8e8;7
604fc0dfa0a0310003bdbcf0;7
604fc0dfa0a0310003bdbc9d;7
604fc0dfa0a0310003bdbb69;7
604fc0dfa0a0310003bdb8f1;7
604fc0dfa0a0310003bdbb3d;7
604fc0dfa0a0310003bdbca1;7
604fc0dfa0a0310003bdb746;7
604fc0dfa0a0310003bdbb99;7
604fc0dfa0a0310003bdbb07;7
604fc0dfa0a0310003bdb89f;7
604fc0dfa0a0310003bdb7a3;7
604fc0dfa0a0310003bdba64;7
604fc0dfa0a0310003bdbcd9;7
604fc0dfa0a0310003bdba2f;7
604fc0dfa0a0310003bdb63d;7
604fc0dfa0a0310003bdba7d;7
604fc0dfa0a0310003bdba78;7
604fc0dfa0a0310003bdb706;7
604fc0dfa0a0310003bdba93;7
604fc0dfa0a0310003bdb6a7;7
604fc0dfa0a0310003bdbacf;7
604fc0dfa0a0310003bdb905;7
604fc0dfa0a0310003bdb941;7
604fc0dfa0a0310003bdb981;7
604fc0dfa0a0310003bdb94c;7
604fc0dfa0a0310003bdbb3a;7
604fc0dfa0a0310003bdbb3f;7
604fc0dfa0a0310003bdbc15;7
604fc0dfa0a0310003bdb828;7
604fc0dfa0a0310003bdba83;7
604fc0dfa0a0310003bdbb13;7
604fc0dfa0a0310003bdb862;7
604fc0dfa0a0310003bdba32;7
604fc0dfa0a0310003bdbcde;7
604fc0dfa0a0310003bdbaef;7
604fc0dfa0a0310003bdbadf;7
604fc0dfa0a0310003bdbb9b;7
604fc0dfa0a0310003bdbbbd;7
604fc0dfa0a0310003bdb8fe;7
604fc0dfa0a0310003bdb5dd;7
604fc0dfa0a0310003bdbd41;7
604fc0dfa0a0310003bdbcb1;7
604fc0dfa0a0310003bdb99e;7
604fc0dfa0a0310003bdb733;7
604fc0dfa0a0310003bdba40;7
604fc0dfa0a0310003bdbca2;7
604fc0dfa0a0310003bdb8e3;7
604fc0dfa0a0310003bdb696;7
604fc0dfa0a0310003bdbc71;7
604fc0dfa0a0310003bdb97b;7
604fc0dfa0a0310003bdbac2;7
604fc0dfa0a0310003bdba7c;7
604fc0dfa0a0310003bdbb46;7
604fc0dfa0a0310003bdba81;7
604fc0dfa0a0310003bdba73;7
604fc0dfa0a0310003bdb70d;7
604fc0dfa0a0310003bdba7a;7
604fc0dfa0a0310003bdb9db;7
604fc0dfa0a0310003bdb6f6;7
604fc0dfa0a0310003bdb8c8;7
604fc0dfa0a0310003bdbc0f;7
604fc0dfa0a0310003bdbd3b;7
604fc0dfa0a0310003bdbc72;7
604fc0dfa0a0310003bdba84;7
604fc0dfa0a0310003bdb6ea;7
604fc0dfa0a0310003bdbad5;7
604fc0dfa0a0310003bdb6a8;7
604fc0dfa0a0310003bdbbb9;7
604fc0dfa0a0310003bdbb7a;7
604fc0dfa0a0310003bdb67a;7
604fc0dfa0a0310003bdbd0f;7
604fc0dfa0a0310003bdba50;7
604fc0dfa0a0310003bdb8a5;7
604fc0dfa0a0310003bdbc22;7
604fc0dfa0a0310003bdb9fa;7
604fc0dfa0a0310003bdbbea;7
604fc0dfa0a0310003bdbbca;7
604fc0dfa0a0310003bdba65;7
604fc0dfa0a0310003bdba68;7
604fc0dfa0a0310003bdba59;7
604fc0dfa0a0310003bdba5b;7
604fc0dfa0a0310003bdba57;7
604fc0dfa0a0310003bdba19;7
604fc0dfa0a0310003bdbbf8;7
604fc0dfa0a0310003bdbbf0;7
604fc0dfa0a0310003bdb642;7
604fc0dfa0a0310003bdb9c1;7
604fc0dfa0a0310003bdbaee;7
604fc0dfa0a0310003bdbce5;7
604fc0dfa0a0310003bdba66;7
604fc0dfa0a0310003bdb5ef;7
604fc0dfa0a0310003bdbaac;7
604fc0dfa0a0310003bdbb67;7
604fc0dfa0a0310003bdb799;7
604fc0dfa0a0310003bdb697;7
604fc0dfa0a0310003bdbcb9;7
604fc0dfa0a0310003bdb782;7
604fc0dfa0a0310003bdb783;7
604fc0dfa0a0310003bdb8bd;7
604fc0dfa0a0310003bdb98d;7
604fc0dfa0a0310003bdbd00;7
604fc0dfa0a0310003bdb81d;7
604fc0dfa0a0310003bdba18;7
604fc0dfa0a0310003bdb854;7
604fc0dfa0a0310003bdba8f;7
604fc0dfa0a0310003bdb9c4;7
604fc0dfa0a0310003bdba52;7
604fc0dfa0a0310003bdb9c0;7
604fc0dfa0a0310003bdbaf9;7
604fc0dfa0a0310003bdbb1b;7
604fc0dfa0a0310003bdbc44;7
604fc0dfa0a0310003bdb641;7
604fc0dfa0a0310003bdb71f;7
604fc0dfa0a0310003bdbc89;7
604fc0dfa0a0310003bdb920;7
604fc0dfa0a0310003bdbb36;7
604fc0dfa0a0310003bdb6c4;7
604fc0dfa0a0310003bdbd06;7
604fc0dfa0a0310003bdb8c4;7
604fc0dfa0a0310003bdbce3;7
604fc0dfa0a0310003bdb814;7
604fc0dfa0a0310003bdbce2;7
604fc0dfa0a0310003bdbb09;7
604fc0dfa0a0310003bdba91;7
604fc0dfa0a0310003bdb8bc;7
604fc0dfa0a0310003bdbc40;7
604fc0dfa0a0310003bdba44;7
604fc0dfa0a0310003bdba43;7
604fc0dfa0a0310003bdba39;7
604fc0dfa0a0310003bdba3c;7
604fc0dfa0a0310003bdbbd9;7
604fc0dfa0a0310003bdba4a;7
604fc0dfa0a0310003bdbced;7
604fc0dfa0a0310003bdbb08;7
604fc0dfa0a0310003bdba9a;7
604fc0dfa0a0310003bdb7ad;7
604fc0dfa0a0310003bdba30;7
604fc0dfa0a0310003bdbca4;7
604fc0dfa0a0310003bdbb73;7
604fc0dfa0a0310003bdbd32;7
604fc0dfa0a0310003bdb6bb;7
604fc0dfa0a0310003bdb618;7
604fc0dfa0a0310003bdb9d4;7
604fc0dfa0a0310003bdbd31;7
604fc0dfa0a0310003bdbd07;7
604fc0dfa0a0310003bdb68b;7
604fc0dfa0a0310003bdbd02;7
604fc0dfa0a0310003bdbaf2;7
604fc0dfa0a0310003bdbb0d;7
604fc0dfa0a0310003bdb8d4;7
604fc0dfa0a0310003bdb8e4;7
604fc0dfa0a0310003bdbcf4;7
604fc0dfa0a0310003bdb9f1;7
604fc0dfa0a0310003bdb689;7
604fc0dfa0a0310003bdb687;7
604fc0dfa0a0310003bdba11;7
604fc0dfa0a0310003bdb68a;7
604fc0dfa0a0310003bdba12;7
604fc0dfa0a0310003bdb937;7
604fc0dfa0a0310003bdbc04;7
604fc0dfa0a0310003bdbbe3;7
604fc0dfa0a0310003bdb918;8
604fc0dfa0a0310003bdb5e4;8
604fc0dfa0a0310003bdb700;8
604fc0dfa0a0310003bdb70f;8
604fc0dfa0a0310003bdbb0e;8
604fc0dfa0a0310003bdbc1d;8
604fc0dfa0a0310003bdb9c6;8
604fc0dfa0a0310003bdb7c0;8
604fc0dfa0a0310003bdbc55;8
604fc0dfa0a0310003bdbc60;8
604fc0dfa0a0310003bdb879;8
604fc0dfa0a0310003bdbae5;8
604fc0dfa0a0310003bdbbe9;8
604fc0dfa0a0310003bdbb9c;8
604fc0dfa0a0310003bdb820;8
604fc0dfa0a0310003bdb7e5;8
604fc0dfa0a0310003bdb796;8
604fc0dfa0a0310003bdbbde;8
604fc0dfa0a0310003bdbd23;8
604fc0dfa0a0310003bdb83b;8
604fc0dfa0a0310003bdb701;8
604fc0dfa0a0310003bdbd2c;8
604fc0dfa0a0310003bdba89;8
604fc0dfa0a0310003bdb766;8
604fc0dfa0a0310003bdb818;8
604fc0dfa0a0310003bdba2e;8
604fc0dfa0a0310003bdbccb;8
604fc0dfa0a0310003bdb948;8
604fc0dfa0a0310003bdb848;8
604fc0dfa0a0310003bdb8ea;8
604fc0dfa0a0310003bdb7f2;8
604fc0dfa0a0310003bdbc7f;8
604fc0dfa0a0310003bdbcf5;8
604fc0dfa0a0310003bdb661;8
604fc0dfa0a0310003bdb89e;8
604fc0dfa0a0310003bdba85;8
604fc0dfa0a0310003bdbc90;8
604fc0dfa0a0310003bdbc92;8
604fc0dfa0a0310003bdb80a;8
604fc0dfa0a0310003bdba6f;8
604fc0dfa0a0310003bdb980;8
604fc0dfa0a0310003bdb85a;8
604fc0dfa0a0310003bdbc21;8
604fc0dfa0a0310003bdb96d;8
604fc0dfa0a0310003bdb8e1;8
604fc0dfa0a0310003bdbc3b;8
604fc0dfa0a0310003bdb713;8
604fc0dfa0a0310003bdbd37;8
604fc0dfa0a0310003bdb7b4;8
604fc0dfa0a0310003bdbb76;8
604fc0dfa0a0310003bdb69e;8
604fc0dfa0a0310003bdbca5;8
604fc0dfa0a0310003bdb9fc;8
604fc0dfa0a0310003bdb6e4;8
604fc0dfa0a0310003bdb9c2;8
604fc0dfa0a0310003bdb646;8
604fc0dfa0a0310003bdbc62;8
604fc0dfa0a0310003bdbcf1;8
604fc0dfa0a0310003bdb897;8
604fc0dfa0a0310003bdb849;8
604fc0dfa0a0310003bdb84a;8
604fc0dfa0a0310003bdbb25;8
604fc0dfa0a0310003bdbb45;8
604fc0dfa0a0310003bdb6ae;8
604fc0dfa0a0310003bdb69b;8
604fc0dfa0a0310003bdb7e6;8
604fc0dfa0a0310003bdbaba;8
604fc0dfa0a0310003bdb92e;8
604fc0dfa0a0310003bdb923;8
604fc0dfa0a0310003bdbcc0;8
604fc0dfa0a0310003bdbc2f;8
604fc0dfa0a0310003bdba53;8
604fc0dfa0a0310003bdb79c;8
604fc0dfa0a0310003bdb6e1;8
604fc0dfa0a0310003bdbaad;8
604fc0dfa0a0310003bdb949;8
604fc0dfa0a0310003bdbbba;8
604fc0dfa0a0310003bdb763;8
604fc0dfa0a0310003bdbd01;8
604fc0dfa0a0310003bdbb2d;8
604fc0dfa0a0310003bdb9f3;8
604fc0dfa0a0310003bdbd08;8
604fc0dfa0a0310003bdbb0b;8
604fc0dfa0a0310003bdb955;8
604fc0dfa0a0310003bdb676;8
604fc0dfa0a0310003bdb616;8
604fc0dfa0a0310003bdb86c;8
604fc0dfa0a0310003bdb67f;8
604fc0dfa0a0310003bdb5e9;8
604fc0dfa0a0310003bdbcda;8
5beacf7d40aeac0014bc711b;8
604fc0dfa0a0310003bdb64c;8
604fc0dfa0a0310003bdb70b;8
604fc0dfa0a0310003bdbaf1;8
604fc0dfa0a0310003bdb85b;8
604fc0dfa0a0310003bdb7c4;8
604fc0dfa0a0310003bdb67b;8
604fc0dfa0a0310003bdb677;8
604fc0dfa0a0310003bdb9f6;8
604fc0dfa0a0310003bdb758;8
604fc0dfa0a0310003bdb6ce;8
604fc0dfa0a0310003bdb8c2;8
604fc0dfa0a0310003bdba98;8
604fc0dfa0a0310003bdbab6;8
604fc0dfa0a0310003bdb600;8
604fc0dfa0a0310003bdb7bd;8
604fc0dfa0a0310003bdb7d9;8
604fc0dfa0a0310003bdbbb5;8
604fc0dfa0a0310003bdb643;8
604fc0dfa0a0310003bdb881;8
604fc0dfa0a0310003bdb76a;8
604fc0dfa0a0310003bdb9d3;8
604fc0dfa0a0310003bdbcb0;8
604fc0dfa0a0310003bdb7ee;8
604fc0dfa0a0310003bdbce7;8
604fc0dfa0a0310003bdb8b8;8
604fc0dfa0a0310003bdb6e5;8
604fc0dfa0a0310003bdb69a;8
604fc0dfa0a0310003bdb6e7;8
604fc0dfa0a0310003bdba5f;8
604fc0dfa0a0310003bdb6da;8
604fc0dfa0a0310003bdb9a1;8
604fc0dfa0a0310003bdb8d5;8
604fc0dfa0a0310003bdbbe8;8
604fc0dfa0a0310003bdb717;8
604fc0dfa0a0310003bdb728;8
604fc0dfa0a0310003bdb9a6;8
604fc0dfa0a0310003bdb7eb;8
604fc0dfa0a0310003bdb765;8
604fc0dfa0a0310003bdbb2e;8
604fc0dfa0a0310003bdbd2f;8
604fc0dfa0a0310003bdb803;8
604fc0dfa0a0310003bdb9f9;8
604fc0dfa0a0310003bdb88a;8
604fc0dfa0a0310003bdb88e;8
604fc0dfa0a0310003bdbceb;8
604fc0dfa0a0310003bdb6cd;8
604fc0dfa0a0310003bdbb6c;8
604fc0dfa0a0310003bdbb7e;8
604fc0dfa0a0310003bdbc43;8
604fc0dfa0a0310003bdb87f;8
604fc0dfa0a0310003bdb9fd;8
604fc0dfa0a0310003bdbc4f;8
604fc0dfa0a0310003bdb935;8
604fc0dfa0a0310003bdbaae;8
604fc0dfa0a0310003bdb9ef;8
604fc0dfa0a0310003bdb7a2;8
604fc0dfa0a0310003bdbd09;8
604fc0dfa0a0310003bdbcff;8
604fc0dfa0a0310003bdb663;8
604fc0dfa0a0310003bdbb2f;8
604fc0dfa0a0310003bdbcbc;8
604fc0dfa0a0310003bdba20;8
604fc0dfa0a0310003bdbd05;8
604fc0dfa0a0310003bdbb1d;8
604fc0dfa0a0310003bdbc06;8
604fc0dfa0a0310003bdb93a;8
604fc0dfa0a0310003bdbd1d;8
604fc0dfa0a0310003bdba8b;8
604fc0dfa0a0310003bdbb5c;8
604fc0dfa0a0310003bdb86d;8
604fc0dfa0a0310003bdbbe5;8
604fc0dfa0a0310003bdb83e;8
604fc0dfa0a0310003bdb76c;8
604fc0dfa0a0310003bdb777;8
604fc0dfa0a0310003bdbae7;8
604fc0dfa0a0310003bdb779;8
604fc0dfa0a0310003bdb719;8
604fc0dfa0a0310003bdb8b0;8
604fc0dfa0a0310003bdbd33;8
604fc0dfa0a0310003bdba97;8
604fc0dfa0a0310003bdb8bf;8
604fc0dfa0a0310003bdbb55;8
604fc0dfa0a0310003bdb711;8
604fc0dfa0a0310003bdbb7c;8
604fc0dfa0a0310003bdbcdb;8
604fc0dfa0a0310003bdb786;8
604fc0dfa0a0310003bdb78b;8
604fc0dfa0a0310003bdb61b;8
604fc0dfa0a0310003bdbc10;8
604fc0dfa0a0310003bdb9a7;8
604fc0dfa0a0310003bdba28;8
604fc0dfa0a0310003bdbb80;8
604fc0dfa0a0310003bdb892;8
604fc0dfa0a0310003bdbb61;8
604fc0dfa0a0310003bdb8ca;8
604fc0dfa0a0310003bdba88;8
604fc0dfa0a0310003bdba9b;8
604fc0dfa0a0310003bdb951;8
604fc0dfa0a0310003bdb9e3;8
604fc0dfa0a0310003bdb909;8
604fc0dfa0a0310003bdbaa1;8
604fc0dfa0a0310003bdbae4;8
604fc0dfa0a0310003bdb7f4;8
604fc0dfa0a0310003bdb5f8;8
604fc0dfa0a0310003bdbadc;8
604fc0dfa0a0310003bdb938;8
604fc0dfa0a0310003bdb8b9;8
604fc0dfa0a0310003bdb62c;8
604fc0dfa0a0310003bdbcb6;8
604fc0dfa0a0310003bdbaaf;9
604fc0dfa0a0310003bdb866;9
604fc0dfa0a0310003bdb8da;9
604fc0dfa0a0310003bdb8db;9
604fc0dfa0a0310003bdb8d8;9
604fc0dfa0a0310003bdb8dd;9
604fc0dfa0a0310003bdb8de;9
604fc0dfa0a0310003bdb640;9
604fc0dfa0a0310003bdbca6;9
604fc0dfa0a0310003bdb6e6;9
604fc0dfa0a0310003bdb94f;9
604fc0dfa0a0310003bdb860;9
604fc0dfa0a0310003bdbb19;9
604fc0dfa0a0310003bdbbf5;9
604fc0dfa0a0310003bdb8a3;9
604fc0dfa0a0310003bdb6bc;9
604fc0dfa0a0310003bdb6c1;9
604fc0dfa0a0310003bdb6af;9
604fc0dfa0a0310003bdb6b0;9
604fc0dfa0a0310003bdbd13;9
604fc0dfa0a0310003bdba56;9
604fc0dfa0a0310003bdb8fc;9
604fc0dfa0a0310003bdb702;9
604fc0dfa0a0310003bdbcc1;9
604fc0dfa0a0310003bdb87b;9
604fc0dfa0a0310003bdbad0;9
604fc0dfa0a0310003bdb714;9
604fc0dfa0a0310003bdb994;9
604fc0dfa0a0310003bdb939;9
604fc0dfa0a0310003bdb617;9
604fc0dfa0a0310003bdb819;9
604fc0dfa0a0310003bdbac4;9
604fc0dfa0a0310003bdb80b;9
604fc0dfa0a0310003bdb807;9
604fc0dfa0a0310003bdb74d;9
604fc0dfa0a0310003bdbc03;9
604fc0dfa0a0310003bdbd39;9
604fc0dfa0a0310003bdbb1e;9
604fc0dfa0a0310003bdb7b3;9
604fc0dfa0a0310003bdb5de;9
604fc0dfa0a0310003bdb6a6;9
604fc0dfa0a0310003bdb75e;9
604fc0dfa0a0310003bdb775;9
604fc0dfa0a0310003bdbcea;9
604fc0dfa0a0310003bdb8aa;9
604fc0dfa0a0310003bdb9e6;9
604fc0dfa0a0310003bdbbd5;9
604fc0dfa0a0310003bdbbd2;9
604fc0dfa0a0310003bdb6a9;9
604fc0dfa0a0310003bdbb24;9
604fc0dfa0a0310003bdbb22;9
604fc0dfa0a0310003bdb608;9
604fc0dfa0a0310003bdb761;9
604fc0dfa0a0310003bdb7f3;9
604fc0dfa0a0310003bdb91b;9
604fc0dfa0a0310003bdba60;9
604fc0dfa0a0310003bdb90c;9
604fc0dfa0a0310003bdb6a4;9
604fc0dfa0a0310003bdb6b7;9
604fc0dfa0a0310003bdb664;9
604fc0dfa0a0310003bdbd0a;9
604fc0dfa0a0310003bdbc57;9
604fc0dfa0a0310003bdb86e;9
604fc0dfa0a0310003bdb933;9
604fc0dfa0a0310003bdb816;9
604fc0dfa0a0310003bdb9cd;9
604fc0dfa0a0310003bdbbdb;9
604fc0dfa0a0310003bdb5e3;9
604fc0dfa0a0310003bdbcf7;9
604fc0dfa0a0310003bdbcbd;9
604fc0dfa0a0310003bdb7e8;9
604fc0dfa0a0310003bdbca9;9
604fc0dfa0a0310003bdb90e;9
604fc0dfa0a0310003bdb975;9
604fc0dfa0a0310003bdb974;9
604fc0dfa0a0310003bdb977;9
604fc0dfa0a0310003bdb8c9;9
604fc0dfa0a0310003bdbb98;9
604fc0dfa0a0310003bdbc91;9
604fc0dfa0a0310003bdbc8d;9
604fc0dfa0a0310003bdb9fb;9
604fc0dfa0a0310003bdbd11;9
604fc0dfa0a0310003bdba5e;9
604fc0dfa0a0310003bdbc2c;9
604fc0dfa0a0310003bdba96;9
604fc0dfa0a0310003bdb8c6;9
604fc0dfa0a0310003bdb8ac;9
604fc0dfa0a0310003bdbcb8;9
604fc0dfa0a0310003bdb77f;9
604fc0dfa0a0310003bdb622;9
604fc0dfa0a0310003bdb623;9
604fc0dfa0a0310003bdb6d4;9
604fc0dfa0a0310003bdb7e0;9
604fc0dfa0a0310003bdb6a2;9
604fc0dfa0a0310003bdbb62;9
604fc0dfa0a0310003bdba25;9
604fc0dfa0a0310003bdbacc;9
604fc0dfa0a0310003bdb7e7;9
604fc0dfa0a0310003bdb62e;9
604fc0dfa0a0310003bdb982;9
604fc0dfa0a0310003bdb8d3;9
604fc0dfa0a0310003bdba75;9
604fc0dfa0a0310003bdbd28;9
604fc0dfa0a0310003bdb8e6;9
604fc0dfa0a0310003bdb942;9
604fc0dfa0a0310003bdbc64;9
604fc0dfa0a0310003bdbbb3;9
604fc0dfa0a0310003bdbbb4;9
604fc0dfa0a0310003bdbc2d;9
604fc0dfa0a0310003bdb752;9
604fc0dfa0a0310003bdb79e;9
604fc0dfa0a0310003bdb7dd;9
604fc0dfa0a0310003bdbaf5;9
604fc0dfa0a0310003bdb805;9
604fc0dfa0a0310003bdbbff;9
604fc0dfa0a0310003bdbbe4;9
604fc0dfa0a0310003bdbbd4;9
604fc0dfa0a0310003bdb8fa;9
604fc0dfa0a0310003bdbce0;9
604fc0dfa0a0310003bdb790;9
604fc0dfa0a0310003bdb71c;9
604fc0dfa0a0310003bdbbc0;9
604fc0dfa0a0310003bdbc56;9
604fc0dfa0a0310003bdb8ab;9
604fc0dfa0a0310003bdb65c;9
5c7ff831058b5f00152f562d;9
5c7ff9e0058b5f00152f5669;9
604fc0dfa0a0310003bdb8a2;9
604fc0dfa0a0310003bdbb6b;9
604fc0dfa0a0310003bdb619;9
604fc0dfa0a0310003bdb6f3;9
604fc0dfa0a0310003bdbbeb;9
604fc0dfa0a0310003bdb91f;9
604fc0dfa0a0310003bdb86b;9
604fc0dfa0a0310003bdbcfc;9
604fc0dfa0a0310003bdb976;9
604fc0dfa0a0310003bdb8f3;9
604fc0dfa0a0310003bdbc84;9
604fc0dfa0a0310003bdbc85;9
604fc0dfa0a0310003bdb8ed;9
604fc0dfa0a0310003bdb6a5;9
604fc0dfa0a0310003bdb946;9
604fc0dfa0a0310003bdb5ec;9
604fc0dfa0a0310003bdb815;9
604fc0dfa0a0310003bdb657;9
604fc0dfa0a0310003bdb9e8;9
604fc0dfa0a0310003bdbbdc;9
604fc0dfa0a0310003bdb709;9
604fc0dfa0a0310003bdb649;9
604fc0dfa0a0310003bdb70e;9
604fc0dfa0a0310003bdb6d5;9
604fc0dfa0a0310003bdbb11;9
604fc0dfa0a0310003bdbb64;9
604fc0dfa0a0310003bdbbbe;9
604fc0dfa0a0310003bdbc65;9
604fc0dfa0a0310003bdbcf8;9
604fc0dfa0a0310003bdb97f;9
604fc0dfa0a0310003bdba7e;9
604fc0dfa0a0310003bdb7cd;9
604fc0dfa0a0310003bdb8a7;9
604fc0dfa0a0310003bdbd1e;9
604fc0dfa0a0310003bdb8f8;9
604fc0dfa0a0310003bdbc9b;9
604fc0dfa0a0310003bdba55;9
604fc0dfa0a0310003bdbb32;9
604fc0dfa0a0310003bdbb35;9
604fc0dfa0a0310003bdbc3e;9
604fc0dfa0a0310003bdb5fc;9
604fc0dfa0a0310003bdb868;9
604fc0dfa0a0310003bdbc29;9
604fc0dfa0a0310003bdbc1f;9
604fc0dfa0a0310003bdbcd1;9
604fc0dfa0a0310003bdbc35;9
604fc0dfa0a0310003bdbd2b;9
604fc0dfa0a0310003bdb9c5;9
604fc0dfa0a0310003bdb9ae;9
604fc0dfa0a0310003bdbcf6;9
604fc0dfa0a0310003bdbb17;9
604fc0dfa0a0310003bdb7a7;9
604fc0dfa0a0310003bdb7a8;9
604fc0dfa0a0310003bdba37;9
604fc0dfa0a0310003bdbcb2;9
604fc0dfa0a0310003bdbca8;9
604fc0dfa0a0310003bdb5da;9
604fc0dfa0a0310003bdb94e;9
604fc0dfa0a0310003bdba1a;9
604fc0dfa0a0310003bdbbe1;9
604fc0dfa0a0310003bdbb02;9
604fc0dfa0a0310003bdb629;9
604fc0dfa0a0310003bdbc53;9
604fc0dfa0a0310003bdb71a;9
604fc0dfa0a0310003bdb71b;9
604fc0dfa0a0310003bdbcc4;9
604fc0dfa0a0310003bdb889;9
604fc0dfa0a0310003bdb906;9
604fc0dfa0a0310003bdb69c;9
604fc0dfa0a0310003bdbd3e;9
604fc0dfa0a0310003bdbb9e;9
604fc0dfa0a0310003bdbabd;9
604fc0dfa0a0310003bdb86f;9
604fc0dfa0a0310003bdb86a;10
604fc0dfa0a0310003bdbc8f;10
604fc0dfa0a0310003bdbcee;10
604fc0dfa0a0310003bdb62b;10
604fc0dfa0a0310003bdbc05;10
604fc0dfa0a0310003bdb718;10
604fc0dfa0a0310003bdba22;10
604fc0dfa0a0310003bdba8a;10
604fc0dfa0a0310003bdb77c;10
604fc0dfa0a0310003bdb78e;10
604fc0dfa0a0310003bdb76d;10
604fc0dfa0a0310003bdbbaa;10
604fc0dfa0a0310003bdbba9;10
604fc0dfa0a0310003bdbba0;10
604fc0dfa0a0310003bdbd1f;10
604fc0dfa0a0310003bdb832;10
604fc0dfa0a0310003bdbcd2;10
604fc0dfa0a0310003bdb872;10
604fc0dfa0a0310003bdb8eb;10
604fc0dfa0a0310003bdb91d;10
604fc0dfa0a0310003bdbc5b;10
604fc0dfa0a0310003bdb93d;10
5c7ffa58058b5f00152f5679;10
604fc0dfa0a0310003bdbbbb;10
604fc0dfa0a0310003bdbd24;10
604fc0dfa0a0310003bdb8a0;10
604fc0dfa0a0310003bdb8a4;10
604fc0dfa0a0310003bdb684;10
604fc0dfa0a0310003bdba2b;10
604fc0dfa0a0310003bdb8f9;10
604fc0dfa0a0310003bdb658;10
604fc0dfa0a0310003bdbb77;10
604fc0dfa0a0310003bdba6a;10
604fc0dfa0a0310003bdbd22;10
604fc0dfa0a0310003bdb64a;10
604fc0dfa0a0310003bdb7ba;10
604fc0dfa0a0310003bdb9de;10
604fc0dfa0a0310003bdbad1;10
604fc0dfa0a0310003bdbc4d;10
604fc0dfa0a0310003bdba38;10
604fc0dfa0a0310003bdbd0b;10
604fc0dfa0a0310003bdb8d2;10
604fc0dfa0a0310003bdb960;10
604fc0dfa0a0310003bdb961;10
604fc0dfa0a0310003bdb962;10
604fc0dfa0a0310003bdb95f;10
604fc0dfa0a0310003bdbb44;10
604fc0dfa0a0310003bdbbc1;10
604fc0dfa0a0310003bdb8c3;10
604fc0dfa0a0310003bdbc54;10
604fc0dfa0a0310003bdb863;10
604fc0dfa0a0310003bdbca7;10
604fc0dfa0a0310003bdb5e5;10
604fc0dfa0a0310003bdba86;10
604fc0dfa0a0310003bdbb3b;10
604fc0dfa0a0310003bdbd21;10
604fc0dfa0a0310003bdbb7f;10
604fc0dfa0a0310003bdb900;10
604fc0dfa0a0310003bdb9e7;10
604fc0dfa0a0310003bdbb5b;10
604fc0dfa0a0310003bdbb38;10
604fc0dfa0a0310003bdbac9;10
604fc0dfa0a0310003bdbcd8;10
604fc0dfa0a0310003bdb65b;10
604fc0dfa0a0310003bdb92a;10
604fc0dfa0a0310003bdb64d;10
604fc0dfa0a0310003bdba92;10
604fc0dfa0a0310003bdba63;10
604fc0dfa0a0310003bdb840;10
604fc0dfa0a0310003bdb739;10
604fc0dfa0a0310003bdbc41;10
604fc0dfa0a0310003bdb666;10
604fc0dfa0a0310003bdbb16;10
604fc0dfa0a0310003bdb62d;10
604fc0dfa0a0310003bdb8d7;10
604fc0dfa0a0310003bdb627;10
604fc0dfa0a0310003bdb9aa;10
604fc0dfa0a0310003bdb74f;10
604fc0dfa0a0310003bdba67;10
604fc0dfa0a0310003bdbc7d;10
604fc0dfa0a0310003bdbc61;10
604fc0dfa0a0310003bdb954;10
604fc0dfa0a0310003bdbc6b;10
604fc0dfa0a0310003bdb84c;10
604fc0dfa0a0310003bdba61;10
604fc0dfa0a0310003bdb5fa;10
604fc0dfa0a0310003bdb8c1;10
604fc0dfa0a0310003bdb907;10
604fc0dfa0a0310003bdb62a;10
604fc0dfa0a0310003bdb95e;10
604fc0dfa0a0310003bdb95d;10
604fc0dfa0a0310003bdba10;10
604fc0dfa0a0310003bdb753;10
604fc0dfa0a0310003bdbd3a;10
604fc0dfa0a0310003bdb6e2;10
604fc0dfa0a0310003bdb95c;10
604fc0dfa0a0310003bdb91c;10
604fc0dfa0a0310003bdb85d;10
604fc0dfa0a0310003bdb787;10
604fc0dfa0a0310003bdb81f;10
604fc0dfa0a0310003bdb8b5;10
5dbb2b567034f300152e90cb;10
604fc0dfa0a0310003bdb950;10
604fc0dfa0a0310003bdbaa2;10
604fc0dfa0a0310003bdb867;10
604fc0dfa0a0310003bdb624;10
604fc0dfa0a0310003bdb7db;10
604fc0dfa0a0310003bdb7d8;10
604fc0dfa0a0310003bdbd29;10
604fc0dfa0a0310003bdb94d;10
604fc0dfa0a0310003bdbaa4;10
604fc0dfa0a0310003bdbd35;10
604fc0dfa0a0310003bdb77b;10
604fc0dfa0a0310003bdbd38;10
604fc0dfa0a0310003bdb7ea;10
604fc0dfa0a0310003bdb652;10
604fc0dfa0a0310003bdbad4;10
604fc0dfa0a0310003bdbd2d;10
604fc0dfa0a0310003bdb771;10
604fc0dfa0a0310003bdb963;10
604fc0dfa0a0310003bdbacb;10
604fc0dfa0a0310003bdbd34;10
604fc0dfa0a0310003bdbd20;10
604fc0dfa0a0310003bdb78a;10
604fc0dfa0a0310003bdb80d;10
604fc0dfa0a0310003bdbb97;10
604fc0dfa0a0310003bdb87e;10
604fc0dfa0a0310003bdb7c5;10
604fc0dfa0a0310003bdb5e0;10
604fc0dfa0a0310003bdb853;10
604fc0dfa0a0310003bdbb83;10
604fc0dfa0a0310003bdb8a1;10
604fc0dfa0a0310003bdb9ee;10
604fc0dfa0a0310003bdb686;10
604fc0dfa0a0310003bdb910;10
604fc0dfa0a0310003bdb97d;10
604fc0dfa0a0310003bdb688;10
604fc0dfa0a0310003bdbcfd;10
604fc0dfa0a0310003bdb9df;10
604fc0dfa0a0310003bdbb0f;10
604fc0dfa0a0310003bdbcf3;10
604fc0dfa0a0310003bdb8f6;10
604fc0dfa0a0310003bdbc82;10
604fc0dfa0a0310003bdbc81;10
604fc0dfa0a0310003bdbb93;10
604fc0dfa0a0310003bdb9ac;10
604fc0dfa0a0310003bdbc75;10
604fc0dfa0a0310003bdbbab;10
604fc0dfa0a0310003bdbaf7;10
604fc0dfa0a0310003bdbaf6;10
5be5ac0ce087640014a525e7;10
604fc0dfa0a0310003bdbb15;10
604fc0dfa0a0310003bdbcc5;10
604fc0dfa0a0310003bdbba1;10
604fc0dfa0a0310003bdbb4c;10
